{"cameraMode":{"drawMode":0,"name":"Shaded","section":"Shading Mode"},"sceneLighting":true,"audioPlay":false,"sceneViewState":{"showFog":false,"showMaterialUpdate":false,"showSkybox":true,"showFlares":false,"showImageEffects":false,"showParticleSystems":false},"in2DMode":false,"pivot":{"x":-7.244880676269531,"y":12.80006217956543,"z":-8.437291145324707},"rotation":{"x":0.0525323748588562,"y":0.6075736284255981,"z":-0.040392033755779269,"w":0.7915988564491272},"size":15.91043472290039,"orthographic":false}