{"cameraMode":{"drawMode":0,"name":"Shaded","section":"Shading Mode"},"sceneLighting":true,"audioPlay":false,"sceneViewState":{"showFog":false,"showMaterialUpdate":false,"showSkybox":true,"showFlares":false,"showImageEffects":false,"showParticleSystems":false},"in2DMode":false,"pivot":{"x":-7.244880676269531,"y":12.80006217956543,"z":-8.437291145324707},"rotation":{"x":0.09747830033302307,"y":0.3717777729034424,"z":-0.039355624467134479,"w":0.9224410057067871},"size":12.638598442077637,"orthographic":false}