{"cameraMode":{"drawMode":0,"name":"Shaded","section":"Shading Mode"},"sceneLighting":true,"audioPlay":false,"sceneViewState":{"showFog":false,"showMaterialUpdate":false,"showSkybox":true,"showFlares":false,"showImageEffects":false,"showParticleSystems":false},"in2DMode":false,"pivot":{"x":-4.9775238037109379,"y":-4.5778045654296879,"z":-17.07974624633789},"rotation":{"x":0.3125956058502197,"y":0.36090707778930666,"z":-0.12992092967033387,"w":0.8691030740737915},"size":59.80585861206055,"orthographic":false}