{"cameraMode":{"drawMode":0,"name":"Shaded","section":"Shading Mode"},"sceneLighting":true,"audioPlay":false,"sceneViewState":{"showFog":false,"showMaterialUpdate":false,"showSkybox":true,"showFlares":false,"showImageEffects":false,"showParticleSystems":false},"in2DMode":false,"pivot":{"x":2.133289098739624,"y":1.7090582847595215,"z":0.3673328161239624},"rotation":{"x":0.0006266504060477018,"y":0.9818608164787293,"z":-0.18965528905391694,"w":0.0032418330665677788},"size":3.8808176517486574,"orthographic":false}