{"cameraMode":{"drawMode":0,"name":"Shaded","section":"Shading Mode"},"sceneLighting":true,"audioPlay":false,"sceneViewState":{"showFog":false,"showMaterialUpdate":false,"showSkybox":true,"showFlares":false,"showImageEffects":false,"showParticleSystems":false},"in2DMode":false,"pivot":{"x":-2.3568694591522219,"y":-0.791071891784668,"z":-0.3286120891571045},"rotation":{"x":-0.2570458650588989,"y":-0.24264031648635865,"z":0.06685325503349304,"w":-0.9331009387969971},"size":2.1858699321746828,"orthographic":false}